property_id,property_type,property_subtype,price,price_type,living_area_m2,bedrooms,bathrooms,address,postal_code,city,latitude,longitude,building_year,epc_score,region,province,nearby_city,state_of_the_building,furnished,kitchen_equipped,has_garage,parking_count,facades,floors_total,floor_number,has_garden,garden_area_m2,has_terrace,total_area_m2,has_elevator
https://immovlan.be/en/detail/residence/for-sale/2930/brasschaat/rbw23706,House,residence,849000,sell,288,3,2,Baillet Latourlei 144,2930,brasschaat,51.293093,4.46442362,1986,C,Flanders,Antwerp,"('Antwerpen', 9.3, False)",To be renovated,0,,,,4,,,,,,2204.0,0
https://immovlan.be/en/detail/residence/for-sale/1930/nossegem/rbw18025,House,residence,665000,sell,173,4,1,Weiveldlaan 51,1930,nossegem,50.870521,4.5095529,,B,Flanders,Flemish Brabant,"('Tervuren', 4.9, True)",,,,1,1,3,,,1,1142.0,1,1142.0,
https://immovlan.be/en/detail/apartment/for-sale/2000/antwerp/rbw20304,Apartment,apartment,1215000,sell,205,2,1,Nassaustraat 30 501,2000,antwerp,51.2303393,4.4046019,2013,C,Flanders,Antwerp,"('Antwerpen', 1.2, False)",,,,1,1,,6,5,,,1,,1
https://immovlan.be/en/detail/villa/for-sale/2570/duffel/rbw20463,House,villa,1149000,sell,515,6,3,Naalstraat 90,2570,duffel,51.0809918,4.5116291,2012,A,Flanders,Antwerp,"('Malines', 6.6, False)",,,,,,4,,,,,,1473.0,0
https://immovlan.be/en/detail/penthouse/for-sale/1420/braine-l-alleud/vbe34905,Apartment,penthouse,790000,sell,168,3,2,,1420,braine-l-alleud,50.6969022,4.3538379,2025,B,Wallonia,Walloon Brabant,"('Waterloo', 3.9, True)",New,0,Super equipped,,,,4,4,,,1,,1
https://immovlan.be/en/detail/residence/for-sale/6120/ham-sur-heure/vbe33425,House,residence,175000,sell,172,3,,Rue Claquedent 62,6120,ham-sur-heure,50.32891,4.41302,1930,F,Wallonia,Hainaut,"('Charleroi', 9.4, False)",To be renovated,0,,1,1,3,,,1,385.0,1,470.0,0
https://immovlan.be/en/detail/villa/for-sale/3950/bocholt/rbw19782,House,villa,835000,sell,473,4,2,Achelsedijk 4,3950,bocholt,51.18864,5.562694,1974,B,Flanders,Limburg,"('Genk', 25.2, False)",Normal,0,,,,4,,,1,,1,2343.0,0
https://immovlan.be/en/detail/residence/for-sale/7100/haine-saint-pierre/vbe31831,House,residence,1508000,sell,,4,,,7100,haine-saint-pierre,50.45413,4.1996,,B,Wallonia,Hainaut,"('La Louvière', 2.9, False)",,,,,,2,,,,,,,
https://immovlan.be/en/detail/residence/for-sale/9031/drongen/rbw15960,House,residence,995000,sell,274,4,2,Zestiengemeten 4,9031,drongen,51.0500604,3.6546516,2021,A,Flanders,East Flanders,"('Gent', 4.4, False)",New,0,Super equipped,,,4,2,,1,430.0,1,729.0,0
https://immovlan.be/en/detail/residence/for-sale/8930/menen/rwc42019,House,residence,89000,sell,135,4,1,Leopoldstraat 7,8930,menen,50.7876399,3.1314938,,E,Flanders,West Flanders,"('Mouscron', 7.5, False)",To be renovated,,Not equipped,,,2,,,0,,0,70.0,0
https://immovlan.be/en/detail/villa/for-sale/7730/estaimpuis/vbe32147,House,villa,1290000,sell,650,4,4,,7730,estaimpuis,50.6755806,3.2758222,,A,Wallonia,Hainaut,"('Mouscron', 8.7, False)",New,0,Fully equipped,1,2,4,,,1,1471.0,1,1471.0,0
https://immovlan.be/en/detail/residence/for-sale/5060/tamines/vbe29530,House,residence,840000,sell,360,5,1,Avenue du Pr&#xE9;sident Roosevelt 7,5060,tamines,50.4337674,4.6085039,,E,Wallonia,Namur,"('Charleroi', 11.9, False)",Normal,0,,,,4,5,,,,1,2325.0,1
https://immovlan.be/en/detail/mixed-building/for-sale/8570/anzegem/rbw18296,House,mixed-building,,sell,440,3,1,Wortegemsesteenweg 44,8570,anzegem,50.8352661,3.4847158,2004,B,Flanders,West Flanders,"('Waregem', 7.5, False)",Excellent,,Fully equipped,1,2,4,4,,,,1,2052.0,0
https://immovlan.be/en/detail/studio/for-sale/1210/sint-joost-ten-node/vbe34652,Apartment,studio,150000,sell,34,,1,Rue de la Ferme 16,1210,sint-joost-ten-node,50.8512144,4.3742387,1965,F,Brussels,Brussels Capital Region,"('Bruxelles', 1.6, False)",To renovate,0,,,,2,5,5,,,1,,1
https://immovlan.be/en/detail/duplex/for-sale/5000/namur/vbe35115,Apartment,duplex,259000,sell,87,2,1,,5000,namur,50.4674593,4.8718068,2007,B,Wallonia,Namur,"('Namur', 0.3, False)",Excellent,0,Fully equipped,,,2,4,3,,,,,1
https://immovlan.be/en/detail/residence/for-sale/9630/zwalm/rbw19243,House,residence,810000,sell,461,6,2,,9630,zwalm,50.8799184,3.7288705,1973,B,Flanders,East Flanders,"('Gent', 19.4, False)",Normal,0,,,,4,2,,1,1984.0,1,2893.0,0
https://immovlan.be/en/detail/residence/for-sale/4602/cheratte/vbe34783,House,residence,280000,sell,120,3,1,Rue sur les Sarts 1,4602,cheratte,50.67859007,5.66928581,1956,D,Wallonia,Liège,"('Liège', 8.1, False)",Normal,0,,1,1,4,2,,1,,1,366.0,0
https://immovlan.be/en/detail/mixed-building/for-sale/5500/dinant/vbe31835,House,mixed-building,8994000,sell,,,,,5500,dinant,50.2340362,4.9169434,,,Wallonia,Namur,"('Namur', 26.1, False)",,,,,,2,,,,,,,
https://immovlan.be/en/detail/residence/for-sale/2620/hemiksem/rbw17177,House,residence,449000,sell,349,4,2,Abdijstraat 54/56,2620,hemiksem,51.135301,4.3374765,,C,Flanders,Antwerp,"('Antwerpen', 10.4, False)",Normal,0,,1,1,4,,,1,73.0,1,250.0,0
https://immovlan.be/en/detail/mixed-building/for-sale/4960/malmedy/vbe10378,House,mixed-building,849000,sell,483,10,7,Rue La Vaux 47,4960,malmedy,50.0263438,5.3788723,,C,Wallonia,Liège,"('Arlon', 49.4, False)",Normal,0,Partially equipped,,,2,3,,0,,0,315.0,0
https://immovlan.be/en/detail/ground-floor/for-sale/4130/tilff/vbe33627,Apartment,ground-floor,424000,sell,137,2,1,,4130,tilff,50.5640699,5.5759823,2000,D,Wallonia,Liège,"('Liège', 7.6, False)",Excellent,,Fully equipped,,,2,,,1,150.0,1,,1
https://immovlan.be/en/detail/residence/for-sale/2200/noorderwijk/rbw17211,House,residence,549000,sell,178,3,1,Kruisstraat 24,2200,noorderwijk,51.13729,4.831632,2024,,Flanders,Antwerp,"('Geel', 11.5, False)",New,0,,,,3,2,,1,,1,348.0,0
https://immovlan.be/en/detail/mixed-building/for-sale/1495/villers-la-ville/vbe33614,House,mixed-building,485000,sell,300,4,3,Chauss&#xE9;e de Namur 5B,1495,villers-la-ville,50.5614211,4.4789362,,B,Wallonia,Walloon Brabant,"('Charleroi', 16.9, False)",Normal,0,,,,2,2,,1,68.0,,462.0,
https://immovlan.be/en/detail/residence/for-sale/5190/spy/vbe32759,House,residence,1199000,sell,,5,2,,5190,spy,50.4796529,4.7042186,2000,C,Wallonia,Namur,"('Namur', 11.6, False)",Excellent,0,,1,4,4,3,,1,11002.0,1,11413.0,0
https://immovlan.be/en/detail/apartment/for-sale/3040/huldenberg/rbw18343,Apartment,apartment,499000,sell,126,2,2,Gemeenteplein 23 0105,3040,huldenberg,50.789564,4.5837542,,,Flanders,Flemish Brabant,"('Overijse', 4.1, True)",New,,,,,,,,,,1,,
https://immovlan.be/en/detail/apartment/for-sale/6880/bertrix/vbe34863,Apartment,apartment,269900,sell,96,2,1,Rue des Scailtons,6880,bertrix,49.8527937,5.2657332,,,Wallonia,Luxembourg,"('Arlon', 43.8, False)",New,0,,,,,,,,,1,,
https://immovlan.be/en/detail/residence/for-sale/3500/hasselt/rbw12744,House,residence,845000,sell,,7,2,Heidestraat 15,3500,hasselt,50.9442091,5.3645615,1962,C,Flanders,Limburg,"('Hasselt', 2.7, False)",,,,1,1,4,,,1,,1,2258.0,
https://immovlan.be/en/detail/mixed-building/for-sale/6830/bouillon/vbe23170,House,mixed-building,879000,sell,120,3,2,Rue de la Girafe 15,6830,bouillon,49.8294629,5.0884396,2021,A,Wallonia,Luxembourg,"('Arlon', 54.8, False)",Excellent,0,Super equipped,1,2,4,,,1,250.0,1,3122.0,0
https://immovlan.be/en/detail/residence/for-sale/6940/septon/vbe32183,House,residence,1650000,sell,430,8,1,Domaine de Bellevue 34,6940,septon,50.34629692,5.39307216,2011,A,Wallonia,Luxembourg,"('Liège', 34.5, False)",,0,,1,2,4,,,1,2110.0,1,2296.0,0
https://immovlan.be/en/detail/villa/for-sale/6040/jumet/vbe34647,House,villa,239000,sell,104,2,1,,6040,jumet,50.4427249,4.4370311,,G,Wallonia,Hainaut,"('Charleroi', 3.6, False)",Normal,,Partially equipped,1,1,4,,,1,,1,435.0,
https://immovlan.be/en/detail/residence/for-sale/4877/olne/vbe32368,House,residence,1250000,sell,815,7,4,Rue des Combattants 12,4877,olne,50.5897779,5.7475477,1800,C,Wallonia,Liège,"('Verviers', 8.2, False)",Excellent,0,,1,1,4,3,,1,1870.0,1,1870.0,0
https://immovlan.be/en/detail/residence/for-sale/6700/arlon/vbe27127,House,residence,845000,sell,370,4,2,,6700,arlon,49.6833333,5.8166667,,C,Wallonia,Luxembourg,"('Arlon', 0.0, False)",,0,,,,3,,,1,3000.0,1,3500.0,0
https://immovlan.be/en/detail/residence/for-sale/3120/tremelo/rbw18950,House,residence,740000,sell,458,6,2,Kruisstraat 78,3120,tremelo,50.9949947,4.6966799,1976,B,Flanders,Flemish Brabant,"('Louvain', 12.8, False)",,,,,,4,,,,,,3430.0,
https://immovlan.be/en/detail/residence/for-sale/9090/melle/rbw20118,House,residence,208000,sell,112,3,1,Kloosterstraat 53,9090,melle,51.002099,3.806152,,F,Flanders,East Flanders,"('Gent', 8.5, False)",To be renovated,,,,,2,,,,,1,105.0,
https://immovlan.be/en/detail/residence/for-sale/9500/geraardsbergen/rbw23650,House,residence,1400000,sell,680,10,2,Astridlaan 75,9500,geraardsbergen,50.774211,3.8704675,,F,Flanders,East Flanders,"('Alost', 21.7, False)",Excellent,0,,,,4,,,1,,1,1449.0,
https://immovlan.be/en/detail/apartment/for-sale/4980/trois-ponts/vbe33941,Apartment,apartment,99000,sell,69,1,1,Rue des Faravennes 3 A,4980,trois-ponts,50.3741982,5.8707672,,G,Wallonia,Liège,"('Verviers', 23.9, False)",Normal,0,Partially equipped,,,4,,,1,147.0,1,,0
https://immovlan.be/en/detail/residence/for-sale/4100/seraing/vbe33728,House,residence,179000,sell,105,2,1,Rue du Coll&#xE8;ge 11,4100,seraing,50.5861773,5.5084058,,D,Wallonia,Liège,"('Liège', 7.2, False)",To be renovated,,,1,1,,1,,,,1,166.0,0
https://immovlan.be/en/detail/residence/for-sale/6747/chatillon/vbe31346,House,residence,980000,sell,340,4,1,Rue Devant la Croix 42,6747,chatillon,49.6300955,5.7030262,2000,B,Wallonia,Luxembourg,"('Arlon', 10.1, False)",Normal,0,Fully equipped,1,1,4,2,,1,1215.0,1,1731.0,0
https://immovlan.be/en/detail/duplex/for-sale/4550/nandrin/vbe33719,Apartment,duplex,475000,sell,323,4,3,Rue d&#x27;Engihoul 50 21,4550,nandrin,50.5270155,5.4143001,2015,A,Wallonia,Liège,"('Liège', 16.6, False)",Excellent,0,,,,,3,2,1,658.0,,,0
https://immovlan.be/en/detail/residence/for-sale/2560/kessel/rbw18235,House,residence,515000,sell,270,3,1,Meidoornlaan 22,2560,kessel,51.15009,4.611729,1978,C,Flanders,Antwerp,"('Antwerpen', 16.5, False)",Normal,0,,1,1,4,,,1,,1,625.0,0
https://immovlan.be/en/detail/residence/for-sale/5300/andenne/vbe35093,House,residence,350000,sell,143,5,1,,5300,andenne,50.4833333,5.0833333,1849,D,Wallonia,Namur,"('Namur', 15.4, False)",,0,,,,4,1,,1,,1,1721.0,0
https://immovlan.be/en/detail/residence/for-sale/5640/mettet/vbe35132,House,residence,275000,sell,120,3,1,Rue de Bambois 30,5640,mettet,50.3674556,4.7114746,,F,Wallonia,Namur,"('Namur', 15.6, False)",To renovate,,Partially equipped,1,1,4,,,1,,1,963.0,
https://immovlan.be/en/detail/chalet/for-sale/5660/bruly-de-pesche/vwd17825,House,chalet,230000,sell,62,3,1,rue la Foresti&#xE8;re 240,5660,bruly-de-pesche,50.0084273,4.4781925,2023,F,Wallonia,Namur,"('Charleroi', 44.8, False)",Excellent,,Fully equipped,,,4,,,1,,1,2507.0,
https://immovlan.be/en/detail/residence/for-sale/6747/chatillon/vwd16930,House,residence,1150000,sell,461,5,4,rue devant-la-Croix 3,6747,chatillon,49.6285908,5.7048355,,B,Wallonia,Luxembourg,"('Arlon', 10.1, False)",Excellent,,Super equipped,1,,4,,,1,,1,4567.0,
https://immovlan.be/en/detail/villa/for-sale/9220/hamme/rbw13354,House,villa,999000,sell,222,3,2,BOOTDIJKSTRAAT 49,9220,hamme,51.0743,4.163605,2019,A,Flanders,East Flanders,"('Dendermonde', 6.7, False)",,0,,1,2,4,,,1,,1,,0
https://immovlan.be/en/detail/residence/for-sale/1150/sint-pieters-woluwe/vbe35189,House,residence,925000,sell,200,5,2,Avenue Orban 20,1150,sint-pieters-woluwe,50.832327,4.4528542,1936,G,Brussels,Brussels Capital Region,"('Tervuren', 4.5, True)",To be renovated,0,,,,3,,,1,300.0,1,440.0,0
https://immovlan.be/en/detail/apartment/for-sale/1210/sint-joost-ten-node/vbe35094,Apartment,apartment,295000,sell,70,2,1,Rue Saint-Josse 13,1210,sint-joost-ten-node,50.8516118,4.3733382,1902,D,Brussels,Brussels Capital Region,"('Bruxelles', 1.5, False)",Normal,0,Super equipped,,,2,3,2,,,1,,0
https://immovlan.be/en/detail/residence/for-sale/8930/rekkem/rwc42786,House,residence,295000,sell,135,3,1,Dronckaertstraat 255,8930,rekkem,50.7759461,3.1757259,,C,Flanders,West Flanders,"('Mouscron', 4.5, False)",Fully renovated,,Super equipped,,,1,,,1,,1,244.0,0
https://immovlan.be/en/detail/apartment/for-sale/6000/charleroi/vbe33553,Apartment,apartment,99000,sell,80,2,1,Rue du Spinois 144 54,6000,charleroi,50.4152904,4.4569968,,D,Wallonia,Hainaut,"('Charleroi', 1.0, False)",,0,Fully equipped,,,2,,5,,,1,,1
https://immovlan.be/en/detail/residence/for-sale/7850/enghien/vbe34080,House,residence,395000,sell,225,5,2,,7850,enghien,50.6947227,4.0418874,1850,C,Wallonia,Hainaut,"('La Louvière', 26.1, False)",Normal,0,Super equipped,,,2,4,,1,52.0,1,170.0,0
https://immovlan.be/en/detail/studio/for-sale/1180/ukkel/rbw19605,Apartment,studio,155000,sell,54,1,1,,1180,ukkel,50.8,4.3333333,1978,F,Brussels,Brussels Capital Region,"('Uccle', 0.4, True)",Excellent,,,,,,,1,,,,,
https://immovlan.be/en/detail/mixed-building/for-sale/6000/charleroi/vwd17752,House,mixed-building,1200000,sell,960,8,,,6000,charleroi,50.4157265,4.449213,,C,Wallonia,Hainaut,"('Charleroi', 0.6, False)",Normal,,,,,2,,,1,,1,,
https://immovlan.be/en/detail/duplex/for-sale/1070/anderlecht/vbe34263,Apartment,duplex,319000,sell,144,3,1,Rue L&#xE9;on Delacroix 23,1070,anderlecht,50.8455239,4.3242407,1944,G,Brussels,Brussels Capital Region,"('Bruxelles', 2.0, False)",To renovate,0,Fully equipped,,,2,3,,,,1,,0
https://immovlan.be/en/detail/residence/for-sale/2440/geel/rbw16116,House,residence,725000,sell,306,5,1,Heistraat 19A,2440,geel,51.172,4.993532,2012,B,Flanders,Antwerp,"('Geel', 0.9, False)",Normal,0,,,,4,,,1,,1,2246.0,0
https://immovlan.be/en/detail/apartment/for-sale/5150/franiere/vbe34383,Apartment,apartment,244000,sell,83,2,,Rue de Floreffe 16a,5150,franiere,50.43725306,4.73305847,2025,A+,Wallonia,Namur,"('Namur', 10.1, False)",New,0,,,,,2,1,,,1,,0
https://immovlan.be/en/detail/residence/for-sale/5555/bievre/vwd17719,House,residence,,sell,430,8,5,rue de Graide 24-26,5555,bievre,49.9301231,5.0840796,2015,A,Wallonia,Namur,"('Arlon', 59.3, False)",Excellent,,Super equipped,,,4,,,1,,1,3352.0,
https://immovlan.be/en/detail/penthouse/for-sale/3500/hasselt/rbw12577,Apartment,penthouse,895000,sell,168,3,2,Gelatineboulevard 4 703,3500,hasselt,50.9358558,5.3359704,2020,A,Flanders,Limburg,"('Hasselt', 0.6, False)",,,,,,,1,1,,,1,,1
https://immovlan.be/en/detail/master-house/for-sale/1000/brussels/vbe31984,House,master-house,5000000,sell,,4,,,1000,brussels,50.8427501,4.3515499,,,Brussels,Brussels Capital Region,"('Bruxelles', 0.8, False)",,,,,,2,,,,,,,
https://immovlan.be/en/detail/residence/for-sale/6900/waha/vbe35717,House,residence,889000,sell,480,7,1,Rue de la Carri&#xE8;re 40,6900,waha,50.2161131,5.3385435,2025,A+,Wallonia,Luxembourg,"('Namur', 43.5, False)",New,0,Fully equipped,1,1,4,3,,1,2187.0,1,2187.0,0
https://immovlan.be/en/detail/residence/for-sale/8890/moorslede/rbw19145,House,residence,1070000,sell,,3,2,Breulstraat 36 A,8890,moorslede,50.8904725,3.0659426,1959,A,Flanders,West Flanders,"('Roeselare', 7.3, False)",,,,1,1,4,,,,,,1400.0,0
https://immovlan.be/en/detail/apartment/for-sale/2390/oostmalle/rbw20430,Apartment,apartment,219900,sell,87,1,,Lierselei 11 3,2390,oostmalle,51.30064,4.733909,1993,C,Flanders,Antwerp,"('Turnhout', 14.9, False)",Normal,0,,,,4,3,3,,,1,,0
https://immovlan.be/en/detail/villa/for-sale/4050/chaudfontaine/vbe34739,House,villa,895000,sell,271,4,1,Rue Th&#xE9;o Renville 12,4050,chaudfontaine,50.5823116,5.6296322,1981,C,Wallonia,Liège,"('Liège', 6.6, False)",,0,,1,4,4,1,,1,,1,,0
https://immovlan.be/en/detail/residence/for-sale/6670/gouvy/vbe35002,House,residence,830000,sell,424,7,3,Rue de Naneux 3,6670,gouvy,50.1901517,5.9470994,1971,C,Wallonia,Luxembourg,"('Verviers', 44.8, False)",Normal,,,1,3,,,,1,111.0,,14683.0,0
https://immovlan.be/en/detail/residence/for-sale/6030/marchienne-au-pont/vwd17821,House,residence,79000,sell,175,4,,,6030,marchienne-au-pont,50.4055222,4.3957235,,F,Wallonia,Hainaut,"('Charleroi', 3.5, False)",To be renovated,,,,,2,,,,,1,,
https://immovlan.be/en/detail/residence/for-sale/9840/de-pinte/rbw23905,House,residence,1098000,sell,225,5,2,Oudstrijderslaan 4,9840,de-pinte,50.9891477,3.6566106,2024,A,Flanders,East Flanders,"('Gent', 8.4, False)",Excellent,0,,,,4,,,1,700.0,1,824.0,
https://immovlan.be/en/detail/residence/for-sale/6890/libin/vbe32792,House,residence,995000,sell,220,4,4,Rue Champs des fonds 5,6890,libin,49.9628495,5.2269309,2025,A,Wallonia,Luxembourg,"('Arlon', 52.5, False)",New,0,Fully equipped,,,4,2,,1,754.0,1,914.0,0
https://immovlan.be/en/detail/cottage/for-sale/8720/dentergem/vbe35353,House,cottage,,sell,665,6,3,,8720,dentergem,50.9636458,3.4186283,1970,B,Flanders,West Flanders,"('Waregem', 8.0, False)",Normal,0,Super equipped,,,4,,,1,,1,23000.0,0
https://immovlan.be/en/detail/cottage/for-sale/9881/bellem/rwc42735,House,cottage,1650000,sell,238,6,5,Leistraat 27,9881,bellem,51.1036236,3.4993948,1850,C,Flanders,East Flanders,"('Gent', 16.2, False)",Fully renovated,,,,,4,,,1,7500.0,1,,
https://immovlan.be/en/detail/apartment/for-sale/6880/bertrix/vbe35006,Apartment,apartment,185000,sell,65,1,1,Rue de la Gare 99 302,6880,bertrix,49.8547217,5.2616966,2009,E,Wallonia,Luxembourg,"('Arlon', 44.2, False)",Normal,0,Fully equipped,,,2,,3,,,1,,1
https://immovlan.be/en/detail/residence/for-sale/8710/wielsbeke/rbw19143,House,residence,379000,sell,182,3,1,Oostrozebeeksestraat 50,8710,wielsbeke,50.8955263,3.3352217,,,Flanders,West Flanders,"('Waregem', 6.4, False)",,,,,,3,2,,,,1,218.0,0
https://immovlan.be/en/detail/apartment/for-sale/1000/brussels/vbe33925,Apartment,apartment,339000,sell,80,1,1,,1000,brussels,50.8427501,4.3515499,1997,D,Brussels,Brussels Capital Region,"('Bruxelles', 0.8, False)",Excellent,0,Super equipped,,,,3,3,,,1,,1
https://immovlan.be/en/detail/residence/for-sale/5350/ohey/vbe34752,House,residence,364760,sell,171,3,1,Rue de Ciney 73 2,5350,ohey,50.41397007,5.12287522,2027,,Wallonia,Namur,"('Namur', 19.0, False)",New,0,,,,2,2,,1,,1,486.0,0
https://immovlan.be/en/detail/residence/for-sale/2980/zoersel/rbw18281,House,residence,459000,sell,211,4,1,Bieshoeve 10,2980,zoersel,51.27711,4.711926,1970,F,Flanders,Antwerp,"('Turnhout', 17.0, False)",To be renovated,0,,1,1,4,,,,,,676.0,0
https://immovlan.be/en/detail/duplex/for-sale/9830/sint-martens-latem/rbw19511,Apartment,duplex,850000,sell,172,3,1,Kortrijksesteenweg 139,9830,sint-martens-latem,51.0103403,3.6374217,,,Flanders,East Flanders,"('Gent', 7.4, False)",New,0,Super equipped,,,3,2,1,,,1,,1
https://immovlan.be/en/detail/residence/for-sale/9600/ronse/rbw18861,House,residence,155000,sell,148,3,1,Stijn Streuvelsstraat 1,9600,ronse,50.7522302,3.6260615,,E,Flanders,East Flanders,"('Waregem', 20.9, False)",To be renovated,,,1,1,3,,,1,,,160.0,
https://immovlan.be/en/detail/mixed-building/for-sale/5600/philippeville/vbd51455,House,mixed-building,1190000,sell,,6,2,,5600,philippeville,50.1958462,4.5430358,,F,Wallonia,Namur,"('Charleroi', 24.9, False)",Normal,0,,,,,,,0,,0,2565.0,0
https://immovlan.be/en/detail/penthouse/for-sale/8670/koksijde/rbw19038,Apartment,penthouse,975000,sell,116,3,2,,8670,koksijde,51.1053908,2.6500795,,,Flanders,West Flanders,"('De Panne', 4.1, True)",Excellent,,,,,,,,,,1,,
https://immovlan.be/en/detail/apartment/for-sale/2600/berchem/rbw18132,Apartment,apartment,179000,sell,56,1,1,Fruithoflaan 98 19,2600,berchem,51.18368,4.43868,1961,C,Flanders,Antwerp,"('Antwerpen', 4.7, False)",To be renovated,0,,,,2,12,5,,,,,0
https://immovlan.be/en/detail/residence/for-sale/9140/tielrode/rbw20306,House,residence,820000,sell,305,2,1,Burmtiendestraat 107,9140,tielrode,51.13699,4.172616,2010,,Flanders,East Flanders,"('Sint-Niklaas', 3.8, False)",,0,,1,1,4,,,,,,1132.0,0
https://immovlan.be/en/detail/penthouse/for-sale/2500/lier/rbw20388,Apartment,penthouse,375000,sell,113,2,1,Frankenweg 36/7,2500,lier,51.1484354,4.5746539,2006,B,Flanders,Antwerp,"('Antwerpen', 14.4, False)",Excellent,0,,,,2,,3,,,,,1
https://immovlan.be/en/detail/residence/for-sale/7750/amougies/vbe34776,House,residence,245000,sell,140,3,1,Couture du Moulin 53,7750,amougies,50.744563,3.5154602,,G,Wallonia,Hainaut,"('Waregem', 17.5, False)",To be renovated,,,1,1,4,2,,,,,511.0,
https://immovlan.be/en/detail/residence/for-sale/6900/waha/vbe35497,House,residence,1250000,sell,480,7,1,Rue de la Carri&#xE8;re 40,6900,waha,50.2161131,5.3385435,2025,A+,Wallonia,Luxembourg,"('Namur', 43.5, False)",New,0,Fully equipped,1,1,4,3,,1,18185.0,1,18185.0,0
https://immovlan.be/en/detail/mixed-building/for-sale/1160/oudergem/vbe34034,House,mixed-building,625000,sell,188,4,2,Chauss&#xE9;e de Wavre 1266,1160,oudergem,50.8206834,4.4098093,1915,E,Brussels,Brussels Capital Region,"('Bruxelles', 5.2, False)",Normal,0,Fully equipped,,,2,,,1,,1,,
https://immovlan.be/en/detail/residence/for-sale/6044/roux/vbe34825,House,residence,139999,sell,85,2,1,,6044,roux,50.4411759,4.3859913,1930,C,Wallonia,Hainaut,"('Charleroi', 5.4, False)",Normal,0,Partially equipped,1,1,3,2,,1,120.0,1,325.0,0
https://immovlan.be/en/detail/apartment/for-sale/1180/ukkel/vbe34650,Apartment,apartment,190000,sell,50,1,1,Rue des Gla&#xEF;euls 17 2,1180,ukkel,50.8103165,4.3415279,,G,Brussels,Brussels Capital Region,"('Uccle', 1.0, True)",To be renovated,0,,,,2,4,0,,,1,,0
https://immovlan.be/en/detail/residence/for-sale/2830/willebroek/rbw19245,House,residence,1800000,sell,1565,21,,Grote Bergen 50,2830,willebroek,51.07515,4.393802,,F,Flanders,Antwerp,"('Malines', 8.0, False)",To be renovated,0,,,,4,,,1,,1,27811.0,0
https://immovlan.be/en/detail/residence/for-sale/9600/ronse/rbw20337,House,residence,189000,sell,135,3,1,Elzelestraat 43,9600,ronse,50.746762,3.6061239,,E,Flanders,East Flanders,"('Waregem', 20.5, False)",Normal,0,Fully equipped,,,2,3,,1,,1,320.0,1
https://immovlan.be/en/detail/mixed-building/for-sale/6000/charleroi/vbe34871,House,mixed-building,219900,sell,,2,2,,6000,charleroi,50.4157265,4.449213,1899,B,Wallonia,Hainaut,"('Charleroi', 0.6, False)",,0,Super equipped,,,2,,,,,,97.0,0
https://immovlan.be/en/detail/cottage/for-sale/8790/waregem/vbe33492,House,cottage,,sell,2500,5,5,,8790,waregem,50.8869521,3.4231317,1900,B,Flanders,West Flanders,"('Waregem', 0.6, False)",Excellent,0,Super equipped,1,6,4,,,1,,1,27546.0,0
https://immovlan.be/en/detail/residence/for-sale/2220/heist-op-den-berg/rbw23711,House,residence,949000,sell,316,4,2,Lammeneelstraat 26A,2220,heist-op-den-berg,51.04624,4.711979,2021,A,Flanders,Antwerp,"('Malines', 16.6, False)",Normal,0,,1,2,4,,,1,,1,1803.0,0
https://immovlan.be/en/detail/apartment/for-sale/4020/liege/vbe34618,Apartment,apartment,114000,sell,89,1,1,Rue Roture 24 0013,4020,liege,50.6402548,5.58269086,,C,Wallonia,Liège,"('Liège', 0.9, False)",Normal,0,,,,,3,1,,,,,0
https://immovlan.be/en/detail/residence/for-sale/6042/lodelinsart/vbe31642,House,residence,87000,sell,105,2,1,Rue du Warchat 30,6042,lodelinsart,50.42396816,4.43894993,,G,Wallonia,Hainaut,"('Charleroi', 1.5, False)",To be renovated,0,,,,2,,,1,100.0,1,185.0,0
https://immovlan.be/en/detail/residence/for-sale/5020/malonne/vbe33810,House,residence,365000,sell,164,4,1,Rue de la Cit&#xE9; 14,5020,malonne,50.42417645,4.79546868,1960,E,Wallonia,Namur,"('Namur', 7.0, False)",Normal,0,,1,1,4,2,,1,800.0,1,1079.0,0
https://immovlan.be/en/detail/villa/for-sale/9506/grimminge/rbw17268,House,villa,1285000,sell,550,7,6,Klakvijverstraat 69c,9506,grimminge,50.7919381,3.9376868,2018,A,Flanders,East Flanders,"('Alost', 17.7, False)",Normal,0,Super equipped,,,4,3,,1,,1,1880.0,0
https://immovlan.be/en/detail/residence/for-sale/6183/trazegnies/vbe35167,House,residence,259000,sell,147,3,1,Rue de Chapelle 136 3,6183,trazegnies,50.4654265,4.3206532,1997,B,Wallonia,Hainaut,"('La Louvière', 9.5, False)",Excellent,0,Fully equipped,,,2,1,,1,,1,386.0,0
https://immovlan.be/en/detail/apartment/for-sale/9000/gent/rbw15958,Apartment,apartment,1995000,sell,241,2,2,Kouter 21 201,9000,gent,51.0498419,3.7237048,2023,B,Flanders,East Flanders,"('Gent', 0.7, False)",Excellent,0,Fully equipped,,,2,1,,1,,1,,1
https://immovlan.be/en/detail/villa/for-sale/4671/saive/vbe33735,House,villa,895000,sell,307,5,,"Rue Cohy, 9A",4671,saive,50.6583703,5.6785788,,C,Wallonia,Liège,"('Liège', 7.5, False)",,,,1,2,4,,,,,1,1530.0,
https://immovlan.be/en/detail/residence/for-sale/6120/nalinnes/vbe34060,House,residence,1000000,sell,357,4,3,,6120,nalinnes,50.3241156,4.4465124,2022,A,Wallonia,Hainaut,"('Charleroi', 9.6, False)",New,0,,1,2,3,1,,1,60.0,1,6000.0,1
https://immovlan.be/en/detail/duplex/for-sale/7134/epinois/vbe35013,Apartment,duplex,220000,sell,,3,1,Rue de l&#x27;Etang 3 2,7134,epinois,50.4047757,4.2090011,,B,Wallonia,Hainaut,"('La Louvière', 8.4, False)",Excellent,,Super equipped,1,1,2,1,1,1,,1,,
https://immovlan.be/en/detail/villa/for-sale/9220/hamme/rbw23713,House,villa,999000,sell,222,3,2,BOOTDIJKSTRAAT 49,9220,hamme,51.0743,4.163605,2019,A,Flanders,East Flanders,"('Dendermonde', 6.7, False)",,0,,1,2,4,,,1,,1,,0
https://immovlan.be/en/detail/master-house/for-sale/8500/kortrijk/rbw23730,House,master-house,1200000,sell,400,5,2,,8500,kortrijk,50.8194894,3.2577076,1950,C,Flanders,West Flanders,"('Kortrijk', 1.1, False)",Normal,0,Super equipped,1,1,2,4,,1,,1,625.0,1
https://immovlan.be/en/detail/residence/for-sale/1490/court-saint-etienne/vbe33786,House,residence,379000,sell,135,5,1,Rue Vivier le Duc 9B,1490,court-saint-etienne,50.6433751,4.60265792,,D,Wallonia,Walloon Brabant,"('Namur', 27.1, False)",,0,,1,1,,,,1,,1,720.0,0
https://immovlan.be/en/detail/apartment/for-sale/5150/franiere/vbe34384,Apartment,apartment,299000,sell,105,3,,Rue de Floreffe 16a,5150,franiere,50.43725306,4.73305847,,,Wallonia,Namur,"('Namur', 10.1, False)",,0,,,,,2,2,,,1,,0
https://immovlan.be/en/detail/residence/for-sale/6110/montigny-le-tilleul/rbw17451,House,residence,497000,sell,210,4,1,Rue de Goz&#xE9;e 8,6110,montigny-le-tilleul,50.390804,4.38654006,,E,Wallonia,Hainaut,"('Charleroi', 4.7, False)",Normal,0,,1,5,3,2,,1,60.0,1,2000.0,0
https://immovlan.be/en/detail/residence/for-sale/5575/patignies/vbe33620,House,residence,975000,sell,429,5,3,Rue de Malvoisin 49,5575,patignies,50.0015653,4.9508086,1996,C,Wallonia,Namur,"('Namur', 52.1, False)",Excellent,0,Fully equipped,1,2,4,1,,1,2624.0,1,3061.0,0
https://immovlan.be/en/detail/residence/for-sale/1332/genval/vbe33443,House,residence,499000,sell,165,4,1,Rue de Rosi&#xE8;res 108,1332,genval,50.725126,4.5205137,,D,Wallonia,Walloon Brabant,"('Bruxelles', 18.3, False)",,,,,,2,,,,,1,537.0,
https://immovlan.be/en/detail/residence/for-sale/8640/vleteren/rbw23656,House,residence,875000,sell,620,4,1,Westvleterendorp 16,8640,vleteren,50.92629,2.71795,,F,Flanders,West Flanders,"('Dunkerque', 26.7, False)",To be renovated,0,,,,,,,,,,,0
https://immovlan.be/en/detail/villa/for-sale/1640/sint-genesius-rode/vbe34924,House,villa,695000,sell,151,4,1,Avenue des Oies 4,1640,sint-genesius-rode,50.7373186,4.3771116,1968,E,Flanders,Flemish Brabant,"('Rhode-Saint-Genèse', 1.6, True)",Normal,0,Fully equipped,1,1,4,2,,1,599.0,1,712.0,0
https://immovlan.be/en/detail/apartment/for-sale/8670/koksijde/rbw19689,Apartment,apartment,439000,sell,77,2,,Zavelplein 3 0601,8670,koksijde,51.117909,2.6272537,1960,D,Flanders,West Flanders,"('De Panne', 3.2, True)",,,,,,,,6,,,,,1
https://immovlan.be/en/detail/apartment/for-sale/1050/elsene/vbe35040,Apartment,apartment,465000,sell,83,2,1,Rdpt de l&#x27;Etoile 5,1050,elsene,50.8235717,4.3766927,1959,C,Brussels,Brussels Capital Region,"('Bruxelles', 3.5, False)",Fully renovated,0,,,,,8,5,,,1,,1
https://immovlan.be/en/detail/residence/for-sale/6890/libin/vbe34305,House,residence,1150000,sell,220,4,4,Rue Champs des fonds 5,6890,libin,49.9628495,5.2269309,2025,A,Wallonia,Luxembourg,"('Arlon', 52.5, False)",New,0,Fully equipped,,,4,2,,1,1731.0,1,1891.0,0
https://immovlan.be/en/detail/residence/for-sale/5550/vresse-sur-semois/vbe18462,House,residence,1070000,sell,1500,24,,,5550,vresse-sur-semois,49.8725882,4.9326558,,,Wallonia,Namur,"('Namur', 66.2, False)",,0,,,,,4,,0,,0,,0
https://immovlan.be/en/detail/residence/for-sale/9080/lochristi/rbw13349,House,residence,1150000,sell,401,3,1,Lindestraat 10,9080,lochristi,51.1217224,3.8289214,1850,B,Flanders,East Flanders,"('Gent', 10.8, False)",Normal,0,,1,2,4,,,1,,1,,0
https://immovlan.be/en/detail/residence/for-sale/2490/balen/rbw19131,House,residence,114000,sell,43,1,1,Nieuwendijk,2490,balen,51.17313489,5.21334107,1970,F,Flanders,Antwerp,"('Geel', 15.5, False)",To be renovated,0,,,,4,,,,,,2054.0,0
https://immovlan.be/en/detail/residence/for-sale/4910/theux/vbe33631,House,residence,,sell,388,6,2,Place Sp&#xE9;der de Harven 12,4910,theux,50.545868,5.809726,1884,D,Wallonia,Liège,"('Verviers', 6.1, False)",Normal,0,,,,4,3,,1,652.0,1,1040.0,0
https://immovlan.be/en/detail/residence/for-sale/4850/moresnet/vbe21235,House,residence,1490000,sell,338,2,2,Rue du Village 3,4850,moresnet,50.7195623,5.9811152,,B,Wallonia,Liège,"('Aachen', 9.5, False)",Excellent,0,Super equipped,1,3,4,5,,1,,1,8495.0,1
https://immovlan.be/en/detail/mixed-building/for-sale/1080/sint-jans-molenbeek/vbe33924,House,mixed-building,550000,sell,240,2,2,,1080,sint-jans-molenbeek,50.8569755,4.3193694,1960,D,Brussels,Brussels Capital Region,"('Bruxelles', 2.4, False)",Excellent,,Fully equipped,1,1,2,,,1,135.0,1,,
https://immovlan.be/en/detail/residence/for-sale/2930/brasschaat/rbw19713,House,residence,940000,sell,406,5,3,Dopheidelaan 12,2930,brasschaat,51.3371726,4.5329671,1986,B,Flanders,Antwerp,"('Antwerpen', 15.9, False)",,,,1,2,2,3,,,,1,2520.0,0
https://immovlan.be/en/detail/residence/for-sale/4790/burg/vbe34747,House,residence,950000,sell,,22,12,Am Schlossberg 76 &amp; 74,4790,burg,50.14005865,6.13427328,1970,,Wallonia,Liège,"('Verviers', 53.5, False)",,1,,1,2,4,,,,,,2518.0,0
https://immovlan.be/en/detail/apartment/for-sale/8370/blankenberge/rbw17340,Apartment,apartment,895000,sell,128,2,1,Consciencestraat 6 0302,8370,blankenberge,51.313319,3.1238084,2022,A,Flanders,West Flanders,"('Bruges', 13.5, False)",Normal,,,,,,4,3,,,1,,1
https://immovlan.be/en/detail/residence/for-sale/2580/beerzel/rbw25171,House,residence,1150000,sell,292,4,2,Leuvensebaan 172,2580,beerzel,51.0321005,4.6345884,2011,A,Flanders,Antwerp,"('Malines', 11.0, False)",,,,,,4,,,1,,1,998.0,
https://immovlan.be/en/detail/residence/for-sale/5550/vresse-sur-semois/vbe19282,House,residence,1350000,sell,,,,RUE DE SEDAN 2,5550,vresse-sur-semois,49.83651,4.97871,2012,C,Wallonia,Namur,"('Arlon', 62.6, False)",Normal,1,,,,,,,0,,0,11000.0,
https://immovlan.be/en/detail/apartment/for-sale/1030/schaarbeek/vbe34000,Apartment,apartment,329000,sell,115,2,1,Avenue Lacombl&#xE9; 14,1030,schaarbeek,50.8501828,4.4005491,1959,E,Brussels,Brussels Capital Region,"('Bruxelles', 3.4, False)",Normal,0,,1,1,2,5,5,,,1,,1
https://immovlan.be/en/detail/apartment/for-sale/2018/antwerp/rbw23913,Apartment,apartment,970000,sell,255,4,3,Van Eycklei 45 3,2018,antwerp,51.2099787,4.4171585,1967,A,Flanders,Antwerp,"('Antwerpen', 1.5, False)",Excellent,0,Super equipped,,,2,,3,,,1,,1
https://immovlan.be/en/detail/mansion/for-sale/4711/walhorn/vbe31080,House,mansion,1700000,sell,644,,5,Hochstra&#xDF;e 67,4711,walhorn,50.69532949,6.03451431,,,Wallonia,Liège,"('Aachen', 9.5, False)",,,,,,,,,1,6829.0,,,
https://immovlan.be/en/detail/residence/for-sale/5060/moignelee/vbe35133,House,residence,259000,sell,240,4,2,Rue de Fleurus 128,5060,moignelee,50.4455414,4.5844449,,C,Wallonia,Namur,"('Charleroi', 10.6, False)",Normal,,Fully equipped,1,1,2,,,1,635.0,1,865.0,
https://immovlan.be/en/detail/residence/for-sale/5170/bois-de-villers/vbe34912,House,residence,345000,sell,122,3,1,Rue de la tour 9,5170,bois-de-villers,50.38312495,4.80648842,1998,D,Wallonia,Namur,"('Namur', 10.3, False)",To be renovated,0,,1,1,4,,,,,1,3958.0,0
https://immovlan.be/en/detail/villa/for-sale/2970/schilde/rbw24587,House,villa,949000,sell,253,5,,Boskant 1,2970,schilde,51.2586997,4.6008521,1976,B,Flanders,Antwerp,"('Antwerpen', 14.5, False)",,,,,,,,,,,,2070.0,
https://immovlan.be/en/detail/cottage/for-sale/7910/anvaing/rbw15992,House,cottage,2280000,sell,1500,7,4,,7910,anvaing,50.6827667,3.5610313,,B,Wallonia,Hainaut,"('Tournai', 14.8, False)",Excellent,0,Fully equipped,1,10,4,4,,1,150000.0,1,20000.0,0
https://immovlan.be/en/detail/residence/for-sale/6060/gilly/vbe33105,House,residence,99000,sell,90,3,1,,6060,gilly,50.4240349,4.4785997,,G,Wallonia,Hainaut,"('Charleroi', 2.8, False)",To renovate,0,Partially equipped,,,3,,,1,,1,,0
https://immovlan.be/en/detail/residence/for-sale/9100/sint-niklaas/rwc42799,House,residence,930000,sell,300,3,3,smisstraat 78,9100,sint-niklaas,51.1491886,4.1401367,,B,Flanders,East Flanders,"('Sint-Niklaas', 1.8, False)",Excellent,,Fully equipped,,,4,,,1,210.0,1,1100.0,0
https://immovlan.be/en/detail/residence/for-sale/5060/arsimont/vbe33274,House,residence,495000,sell,200,3,1,Rue du Palton 84A,5060,arsimont,50.43007469,4.65663218,2014,B,Wallonia,Namur,"('Charleroi', 15.2, False)",New,0,,1,1,4,1,,1,604.0,,604.0,0
https://immovlan.be/en/detail/residence/for-sale/7160/chapelle-lez-herlaimont/vbe32550,House,residence,90000,sell,,2,1,Rue de Lumechon 29,7160,chapelle-lez-herlaimont,50.493505,4.2812775,,D,Wallonia,Hainaut,"('La Louvière', 6.7, False)",To be renovated,0,,,,4,,,1,,,1540.0,0
https://immovlan.be/en/detail/residence/for-sale/8000/brugge/rbw19005,House,residence,895000,sell,263,4,1,Lane 19,8000,brugge,51.2071742,3.2155323,1850,C,Flanders,West Flanders,"('Bruges', 0.7, False)",,,,,,2,,,,,,188.0,0
https://immovlan.be/en/detail/residence/for-sale/8904/boezinge/rbw18620,House,residence,749000,sell,359,3,1,Molenstraat 5A,8904,boezinge,50.8971265,2.8638764,1994,C,Flanders,West Flanders,"('Roeselare', 18.9, False)",Excellent,,,1,1,4,,,1,,,2702.0,
https://immovlan.be/en/detail/residence/for-sale/5530/yvoir/vbe34468,House,residence,900000,sell,238,3,4,Rue d&#x27;Evrehailles 58,5530,yvoir,50.3188876,4.88900303,,G,Wallonia,Namur,"('Namur', 16.5, False)",To be renovated,0,,,,4,1,,1,2059.0,,2059.0,0
https://immovlan.be/en/detail/residence/for-sale/2830/willebroek/rbw19246,House,residence,1800000,sell,1565,21,,Grote Bergen 50,2830,willebroek,51.07515,4.393802,,F,Flanders,Antwerp,"('Malines', 8.0, False)",To be renovated,0,,,,4,,,1,,1,27811.0,0
https://immovlan.be/en/detail/residence/for-sale/6830/bouillon/vbe25685,House,residence,975000,sell,400,10,10,,6830,bouillon,49.7892158,5.0905007,1918,G,Wallonia,Luxembourg,"('Arlon', 53.5, False)",Excellent,1,Super equipped,1,1,4,2,,1,2800.0,1,3621.0,0
https://immovlan.be/en/detail/villa/for-sale/7850/enghien/vbe33685,House,villa,875000,sell,485,6,3,,7850,enghien,50.6947227,4.0418874,1720,B,Wallonia,Hainaut,"('La Louvière', 26.1, False)",Excellent,0,Super equipped,,,4,3,,1,,1,1168.0,0
https://immovlan.be/en/detail/villa/for-sale/4920/aywaille/vbe32768,House,villa,845000,sell,240,4,4,Rue Chifgotte 2,4920,aywaille,50.4736583,5.7396407,2012,B,Wallonia,Liège,"('Verviers', 15.5, False)",Excellent,0,Super equipped,1,1,4,2,,1,1842.0,1,2483.0,0
https://immovlan.be/en/detail/residence/for-sale/5537/anhee/vbe36265,House,residence,900000,sell,327,5,3,,5537,anhee,50.3,4.8666667,1942,C,Wallonia,Namur,"('Namur', 18.6, False)",Excellent,0,Fully equipped,,,4,2,,1,900.0,1,12300.0,0
https://immovlan.be/en/detail/apartment/for-sale/8670/koksijde/rbw20345,Apartment,apartment,965000,sell,142,3,2,Sint-Idesbaldusstraat 1 06.01,8670,koksijde,51.118857,2.629822,2010,B,Flanders,West Flanders,"('De Panne', 3.4, True)",Fully renovated,0,,,,,6,6,,,1,,1
https://immovlan.be/en/detail/residence/for-sale/6040/jumet/vbe35169,House,residence,145000,sell,175,4,1,Rue de Bayemont 110,6040,jumet,50.431355,4.4107045,1959,E,Wallonia,Hainaut,"('Charleroi', 3.3, False)",To renovate,0,Fully equipped,1,1,3,2,,1,,1,605.0,0
https://immovlan.be/en/detail/master-house/for-sale/4000/liege/vbe20592,House,master-house,900000,sell,601,8,1,Avenue constantin gerlache 36,4000,liege,50.6175718,5.5719653,1910,F,Wallonia,Liège,"('Liège', 1.8, False)",To be renovated,,,,,4,3,,1,4087.0,0,5093.0,0
https://immovlan.be/en/detail/residence/for-sale/1702/groot-bijgaarden/rbw18012,House,residence,435000,sell,165,3,1,Brusselstraat 15,1702,groot-bijgaarden,50.8670891,4.2791901,1955,F,Flanders,Flemish Brabant,"('Bruxelles', 5.4, False)",,0,Partially equipped,,,2,,,1,,1,247.0,
https://immovlan.be/en/detail/residence/for-sale/2800/mechelen/rbw19637,House,residence,419000,sell,153,4,1,Van Benedenlaan 33,2800,mechelen,51.0216389,4.4749801,1899,D,Flanders,Antwerp,"('Malines', 0.5, False)",,0,Fully equipped,,,2,,,,,1,78.0,
https://immovlan.be/en/detail/residence/for-sale/6661/mont/vbe34571,House,residence,879000,sell,310,8,3,Wilogne 8 h /8H1,6661,mont,50.166692,5.7666426,2008,B,Wallonia,Luxembourg,"('Verviers', 47.5, False)",,,Super equipped,,,4,,,1,,1,5491.0,
https://immovlan.be/en/detail/cottage/for-sale/7910/anvaing/rbw15990,House,cottage,2280000,sell,1500,7,4,,7910,anvaing,50.6827667,3.5610313,,B,Wallonia,Hainaut,"('Tournai', 14.8, False)",Excellent,0,Fully equipped,1,10,4,4,,1,150000.0,1,20000.0,0
https://immovlan.be/en/detail/duplex/for-sale/1000/brussels/vbe35095,Apartment,duplex,395000,sell,120,2,2,Rue des Patriotes 9,1000,brussels,50.8469517,4.3876671,1900,E,Brussels,Brussels Capital Region,"('Bruxelles', 2.6, False)",Excellent,1,Super equipped,,,2,4,0,,,,,0
https://immovlan.be/en/detail/villa/for-sale/5170/bois-de-villers/vwd17842,House,villa,895000,sell,400,5,2,Rue Edouard Biname 10,5170,bois-de-villers,50.4016661,4.8328003,2014,B,Wallonia,Namur,"('Namur', 7.7, False)",Excellent,,Partially equipped,,,4,,,1,700.0,1,890.0,
https://immovlan.be/en/detail/residence/for-sale/5000/namur/vbe24887,House,residence,1050000,sell,541,10,9,Rue du Pr&#xE9;sident 33,5000,namur,50.46284,4.863938,,D,Wallonia,Namur,"('Namur', 0.5, False)",,0,,,,2,,,0,,0,236.0,0
https://immovlan.be/en/detail/residence/for-sale/8540/deerlijk/vbe34833,House,residence,1995000,sell,1270,11,7,,8540,deerlijk,50.85098,3.353722,1950,F,Flanders,West Flanders,"('Kortrijk', 6.7, False)",Normal,0,Super equipped,1,2,4,,,1,,1,65000.0,0
https://immovlan.be/en/detail/apartment/for-sale/1050/elsene/rbw17015,Apartment,apartment,1080000,sell,253,3,1,RUE DE L&#x27;&#xC9;T&#xC9; 53,1050,elsene,50.81896,4.38865,,E,Brussels,Brussels Capital Region,"('Uccle', 4.1, True)",Excellent,,,,,,,,,,,,1
https://immovlan.be/en/detail/bungalow/for-sale/9880/aalter/rbw18304,House,bungalow,360000,sell,151,3,1,Kestelstraat 7 A,9880,aalter,51.0825837,3.4519669,,E,Flanders,East Flanders,"('Gent', 18.8, False)",,1,,,,4,,,,,,761.0,0
https://immovlan.be/en/detail/villa/for-sale/3520/zonhoven/rbw20297,House,villa,1075000,sell,345,6,2,Houthalenseweg 114,3520,zonhoven,51.0072459,5.3708867,2023,A,Flanders,Limburg,"('Hasselt', 8.9, False)",,,,1,1,4,2,,,,1,1939.0,0
https://immovlan.be/en/detail/residence/for-sale/2340/beerse/rbw18283,House,residence,375000,sell,448,3,,Lindenlaan 44,2340,beerse,51.31931,4.852018,1945,F,Flanders,Antwerp,"('Turnhout', 6.5, False)",To be renovated,0,,,,,,,1,,,418.0,0
https://immovlan.be/en/detail/villa/for-sale/6001/marcinelle/vbe33423,House,villa,397000,sell,148,4,1,Rue Cit&#xE9; de l&#x27;Enfance 21,6001,marcinelle,50.38302,4.4262564,1950,D,Wallonia,Hainaut,"('Charleroi', 3.4, False)",Normal,0,Fully equipped,1,1,4,1,,1,2038.0,1,2291.0,0
https://immovlan.be/en/detail/residence/for-sale/4760/bullingen/vbe35769,House,residence,1275000,sell,585,12,7,Honsfeld 9,4760,bullingen,50.3822122,6.2849941,2012,B,Wallonia,Liège,"('Verviers', 37.7, False)",Normal,0,,1,1,4,3,,1,,1,11600.0,0
https://immovlan.be/en/detail/residence/for-sale/2220/heist-op-den-berg/rbw20325,House,residence,1100000,sell,473,6,3,Pompoenstraat 74,2220,heist-op-den-berg,51.0948374,4.7864873,1958,B,Flanders,Antwerp,"('Geel', 16.3, False)",Excellent,,,,,4,,,1,,1,9200.0,
https://immovlan.be/en/detail/master-house/for-sale/3545/zelem/rbw10874,House,master-house,950000,sell,434,5,1,,3545,zelem,50.9781579,5.1057744,1903,D,Flanders,Limburg,"('Hasselt', 16.7, False)",,,,1,1,3,,,,,,6931.0,0
https://immovlan.be/en/detail/apartment/for-sale/1080/sint-jans-molenbeek/vbe34837,Apartment,apartment,259000,sell,105,3,2,Avenue des Tamaris 2,1080,sint-jans-molenbeek,50.8511063,4.3068291,1978,C,Brussels,Brussels Capital Region,"('Bruxelles', 3.2, False)",Normal,,,,,2,7,3,,,1,,1
